lon,lat
-73.9391172,40.8018753
-73.90716239999999,40.827313
-85.3717836,32.68095020000001
-73.8292247,40.8686785
-73.8292247,40.8686785
-73.8292247,40.8686785
-73.9012493,40.8559493
-73.9012493,40.8559493
-73.9012493,40.8559493
-73.9012493,40.8559493
-73.89981329999999,40.8568532
-77.08646089999999,38.887345
78.5457649,17.3430889
-73.9570373,40.65989099999999
-73.9570373,40.65989099999999
-73.9475321,40.6588811
-73.9933069,40.7646612
-73.9071738,40.65682169999999
-73.9375143,40.6815303
-73.96018269999999,40.6826948
-73.9222369,40.6896184
-73.923672,40.692626
-73.923672,40.692626
-73.923672,40.692626
-73.8156333,40.5862729
-73.80641,40.688146
-83.04538509999999,39.9769666
-101.855688,35.148969
-74.0817596,40.624059
-73.9969064,40.7381186
-76.8413408,39.0973159
-76.8413408,39.0973159
-76.8413408,39.0973159
-73.937291,40.79610539999999
-73.9566378,40.81197390000001
-73.944693,40.8347752
-72.1692927,42.2255685
-73.9169127,40.8383387
-73.8228245,40.8233189
-73.8224175,40.821436
-73.84645499999999,40.88527690000001
-73.883025,40.8539561
-73.883025,40.8539561
-73.8873306,40.8432841
-73.9175344,40.6958292
-73.9410108,40.7141338
-73.79991799999999,40.690984
-73.79991799999999,40.690984
-73.79991799999999,40.690984
-73.9455266,40.7563047
-74.1414633,40.5464584
-73.9825664,40.7313474
-73.952542,40.7747282
-76.8413408,39.0973159
-73.9709044,40.7964912
-73.942928,40.807386
-73.93859979999999,40.8120802
-87.7387302,41.66183059999999
-73.85097189999999,40.81811159999999
-73.8501306,40.8174819
-73.928231,40.8305396
-73.9089508,40.85351319999999
-73.9329114,40.6479969
-73.8882379,40.6706108
-73.9485729,40.6414346
-73.9485729,40.6414346
-73.9485729,40.6414346
-73.9504822,40.6858266
-73.9504822,40.6858266
-87.72717879999999,41.93911019999999
-73.977509,40.74908800000001
-73.977509,40.74908800000001
-73.977509,40.74908800000001
-73.977509,40.74908800000001
-73.94129819999999,40.6979559
-74.0098222,40.7208632
-74.0098222,40.7208632
-74.1493462,40.5515286
-84.3655072,33.8495194
-84.3655072,33.8495194
-73.98859019999999,40.729547
-73.98859019999999,40.729547
-73.9744533,40.7507757
-73.95033289999999,40.7802599
-73.9592414,40.7633741
-73.9440876,40.7928699
-73.93709439999999,40.8045365
-73.9508598,40.797889
-73.9148828,40.8149146
-73.9148828,40.8149146
-73.9077366,40.8292639
-73.8992851,40.8601093
-73.8670905,40.8473532
-73.9729084,40.6087814
-73.9566602,40.779461
-73.9950089,40.6328411
-73.89205369999999,40.6499605
-73.8916423,40.6599257
-73.8916423,40.6599257
-73.9179192,40.696274
-73.90911969999999,40.7002434
-73.90911969999999,40.7002434
-73.75737529999999,40.60004319999999
-84.7911152,33.3690744
-74.1729106,41.0095316
-73.77248209999999,40.7453741
-80.43548779999999,25.5657707
-95.5119395,37.0490549
-73.9355578,40.7427897
-73.9355578,40.7427897
-73.9355578,40.7427897
-73.7810444,40.6809146
-74.075896,40.639809
-73.998738,40.7107337
-73.998738,40.7107337
-73.9773038,40.7661851
-73.9841435,40.767267
-73.9521931,40.7780602
-73.9588093,40.8137993
-73.9487541,40.8082644
-73.95318,40.8240045
-73.9438121,40.8341946
-73.928037,40.8552759
-73.928037,40.8552759
-73.928037,40.8552759
-73.9184484,40.8675955
-73.9184484,40.8675955
-73.92284939999999,40.81682259999999
-73.88596249999999,40.83676699999999
-73.9090368,40.8399051
-73.88596249999999,40.83676699999999
-73.9090368,40.8399051
-73.8625577,40.82371330000001
-73.8753988,40.8350371
-73.8753988,40.8350371
-73.8691145,40.8166897
-73.8753988,40.8350371
-73.91064899999999,40.854004
-73.8918619,40.8494868
-73.8918619,40.8494868
-73.8502203,40.8610377
-73.9975682,40.6260387
-73.9975682,40.6260387
-73.9975682,40.6260387
-122.4731745,37.7562705
-73.9460393,40.6329847
-104.9093646,39.745049
-73.8971147,40.6734717
-73.8866761,40.6810509
-73.8866761,40.6810509
-73.8866761,40.6810509
-73.8866761,40.6810509
-72.8925806,40.9474803
-72.8925806,40.9474803
-72.8925806,40.9474803
-72.8925806,40.9474803
-73.8773983,40.6719971
-73.8773983,40.6719971
-73.9656177,40.7744146
-73.91125029999999,40.6927467
-73.923672,40.692626
-73.9773038,40.6941838
-73.9556597,40.7086098
-73.8365238,40.6983523
-73.8365238,40.6983523
-73.8365238,40.6983523
-73.8365238,40.6983523
-73.8365238,40.6983523
-73.945757,40.756743
-73.9451825,40.7548616
-73.9451825,40.7548616
-93.2968957,37.17979950000001
-97.1508961,31.5668807
-73.8988336,40.8309173
-73.866784,40.8151717
-73.8783565,40.83483
-73.9292718,40.83609879999999
-73.89659069999999,40.8540078
-73.8598306,40.8465335
-73.8598306,40.8465335
-73.89114099999999,40.8705074
-73.9018114,40.65239469999999
-73.87987600000001,40.6742366
-73.8873978,40.66378280000001
-74.00702540000002,40.7098694
-73.8773983,40.6719971
-73.8773983,40.6719971
-73.8773983,40.6719971
-73.9485729,40.6414346
-73.9485729,40.6414346
-73.9474322,40.6871289
-73.9474322,40.6871289
-73.9506466,40.7126122
-73.7684421,40.7118192
-73.7684421,40.7118192
-73.8048919,40.733163
-73.8622805,40.7499212
-73.8763611,40.7474636
-73.778848,40.744041
-74.0837052,40.59735999999999
-73.95889749999999,40.7676405
-73.97683400000001,40.662202
-73.97683400000001,40.662202
-73.97683400000001,40.662202
-73.97683400000001,40.662202
-73.9449798,40.788086
-73.9624098,40.7969419
-73.9588093,40.8137993
-73.9594075,40.81524599999999
-73.9433528,40.8254194
-73.9047451,40.8156059
-73.9047451,40.8156059
-73.8874273,40.8595729
-73.8874273,40.8595729
-73.994544199999993,40.5721638
-73.99942829999999,40.7440176
-73.947576,40.7894475
-74.01924919999999,40.6438221
-73.90057449999999,40.6640405
-118.445643,34.0552986
-118.445643,34.0552986
-83.5698882,41.8191607
-73.923902,40.70173339999999
-73.79588799999999,40.598877
-73.855817,40.69665699999999
-73.8269272,40.7720987
-73.738151,40.7583259
-73.738151,40.7583259
-95.712891,37.09024
-95.712891,37.09024
-99.13995399999999,30.046522
-73.912345,40.760754
-86.010322,30.2806745
-74.16932,40.547236
-73.9818658,40.7187136
-73.9969443,40.7490938
-73.946204,40.7991227
-73.94540789999999,40.7916213
-73.94540789999999,40.7916213
-73.967108,40.7990264
-73.95399820000002,40.8072091
-73.9467511,40.82590320000001
-73.9527208,40.8198534
-73.9527208,40.8198534
-73.9527208,40.8198534
-73.9527208,40.8198534
-73.94843490000001,40.8139554
-73.92721949999999,40.8650036
-94.7053013,37.3961631
-97.1508961,31.5668807
-97.1508961,31.5668807
-73.90433809999999,40.8254647
-73.84022929999999,40.8343453
-73.869702,40.8263721
-73.8654258,40.8754101
-73.8875207,40.8647524
-73.9594776,40.5786095
-73.99293399999999,40.606661
-73.892219,40.640335
-74.01924919999999,40.6438221
-74.01924919999999,40.6438221
-74.01924919999999,40.6438221
-74.01924919999999,40.6438221
-74.01924919999999,40.6438221
-74.01924919999999,40.6438221
-74.01924919999999,40.6438221
-74.01924919999999,40.6438221
-74.01924919999999,40.6438221
-74.01924919999999,40.6438221
-74.01924919999999,40.6438221
-74.01924919999999,40.6438221
-74.01924919999999,40.6438221
-74.01924919999999,40.6438221
-74.01924919999999,40.6438221
-74.01924919999999,40.6438221
-74.01924919999999,40.6438221
-74.01924919999999,40.6438221
-74.01924919999999,40.6438221
-74.01924919999999,40.6438221
-74.01924919999999,40.6438221
-74.01924919999999,40.6438221
-74.01924919999999,40.6438221
-74.01924919999999,40.6438221
-74.01924919999999,40.6438221
-74.01924919999999,40.6438221
-74.01924919999999,40.6438221
-74.01924919999999,40.6438221
-74.01924919999999,40.6438221
-74.01924919999999,40.6438221
-74.01924919999999,40.6438221
-74.01924919999999,40.6438221
-74.01924919999999,40.6438221
-74.01924919999999,40.6438221
-74.01924919999999,40.6438221
-74.01924919999999,40.6438221
-74.01924919999999,40.6438221
-74.01924919999999,40.6438221
-74.01924919999999,40.6438221
-74.01924919999999,40.6438221
-74.01924919999999,40.6438221
-74.01924919999999,40.6438221
-74.01924919999999,40.6438221
-74.01924919999999,40.6438221
-74.01924919999999,40.6438221
-74.01924919999999,40.6438221
-74.01924919999999,40.6438221
-74.01924919999999,40.6438221
-74.01924919999999,40.6438221
-74.01924919999999,40.6438221
-74.01924919999999,40.6438221
-74.01924919999999,40.6438221
-74.01924919999999,40.6438221
-74.01924919999999,40.6438221
-74.01924919999999,40.6438221
-74.01924919999999,40.6438221
-74.01924919999999,40.6438221
-74.01924919999999,40.6438221
-74.01924919999999,40.6438221
-74.01924919999999,40.6438221
-74.01924919999999,40.6438221
-74.01924919999999,40.6438221
-74.01924919999999,40.6438221
-74.01924919999999,40.6438221
-74.01924919999999,40.6438221
-74.01924919999999,40.6438221
-74.01924919999999,40.6438221
-74.00702540000002,40.7098694
-73.91487029999999,40.663054
-73.9366428,40.6693118
-73.9366428,40.6693118
-73.8787979,40.674575
-74.00702540000002,40.7098694
-73.948493,40.69172580000001
-95.712891,37.09024
-73.74296,40.669028
-73.7925173,40.6803923
-82.33808330000001,29.6582444
-74.1197062,40.6056379
-74.1197062,40.6056379
-74.1197062,40.6056379
-74.0095631,40.7156663
-74.0044869,40.7307594
-73.9445239,40.7912159
-73.9447036,40.7915312
-73.9699172,40.79417189999999
-73.95049829999999,40.8107705
-73.95049829999999,40.8107705
-73.95049829999999,40.8107705
-73.95049829999999,40.8107705
-73.95282720000002,40.7988277
-73.9045187,40.81613979999999
-73.9050863,40.8327501
-73.8913982,40.7123481
-73.8913982,40.7123481
-73.84603620000001,40.8188627
-73.86938769999999,40.81711
-121.7462238,38.5446214
-73.8954744,40.8498932
-73.98886759999999,40.5742968
-73.98886759999999,40.5742968
-73.9795594,40.59279370000001
-73.95268039999999,40.7830623
-73.92326070000001,40.696834
-73.9488004,40.7093607
-87.7067649,41.81274699999999
-73.80354,40.7023891
-73.777925,40.67269599999999
-73.7810444,40.6809146
-73.8684509,40.7515069
-73.8684509,40.7515069
-73.9946703,40.7527048
-73.9946703,40.7527048
-73.9946703,40.7527048
-73.9946703,40.7527048
-73.92739619999999,40.8402731
-73.9162796,40.8409634
-73.82343879999999,40.8210823
-73.8982886,40.8455851
-73.884694,40.854913
-73.884694,40.854913
-73.884694,40.854913
-73.8936123,40.8421773
-73.860877,40.864457
-73.9908287,40.5773645
-73.9619276,40.660528
-73.9619276,40.660528
-73.9060114,40.6673076
-74.00702540000002,40.7098694
-73.9170856,40.7027377
-73.9222369,40.6896184
-73.9222369,40.6896184
-73.9222369,40.6896184
-73.933934,40.70749199999999
-73.93717869999999,40.7058911
-100.4265772,31.4562749
-100.4265772,31.4562749
-73.70559469999999,40.7887673
-73.94475729999999,40.6864251
-73.94475729999999,40.6864251
-74.1414633,40.5464584
-74.0080699,40.7263022
-74.0095631,40.7156663
-73.9859045,40.725827
-73.977451,40.7328893
-73.9667035,40.7498156
-73.9799099,40.7838194
-73.9469577,40.7994676
-73.9725591,40.6773274
-73.94153279999999,40.8339078
-73.94153279999999,40.8339078
-73.94153279999999,40.8339078
-73.932535,40.852145
-73.921644,40.8404518
-94.7053013,37.3961631
-73.9869054,40.5750884
-73.9869054,40.5750884
-73.92596429999999,40.63851409999999
-73.92596429999999,40.63851409999999
-73.92596429999999,40.63851409999999
-73.95504799999999,40.6647966
-73.95023069999999,40.6569618
-74.0042335,40.6545065
-96.88019899999999,32.820946
-73.90829459999999,40.6903908
-73.9832521,40.693683299999996
-73.80354,40.7023891
-73.80354,40.7023891
-87.7067649,41.81274699999999
-73.9379199,40.8037062
-73.93557729999999,40.7605769
-73.93557729999999,40.7605769
-73.88933349999999,40.7690014
-74.1561159,40.5550273
-74.0008853,40.7343771
-73.9852374,40.7169459
-73.9773038,40.7661851
-73.984814,40.7784359
-73.9475513,40.7869726
-73.9439039,40.79515749999999
-73.9439039,40.79515749999999
-73.937823,40.8043508
-73.9397819,40.84722989999999
-73.9367893,40.8408392
-90.83157519999999,32.3774765
-73.933303,40.8506176
-73.933303,40.8506176
-73.924745,40.8126299
-73.913653,40.822469
-73.9148502,40.8223113
-73.9050863,40.8327501
-73.9050863,40.8327501
-73.917714899999993,40.8206448
-118.3366144,34.0834706
-73.9173362,40.8291808
-73.8875207,40.8647524
-80.003695,40.4334
-73.8903914,40.853914
-73.99746499999999,40.6605462
-73.99746499999999,40.6605462
-73.91006500000002,40.67522200000001
-73.87987600000001,40.6742366
-73.9555982,40.6795782
-73.9555982,40.6795782
-94.7053013,37.3961631
-85.82050300000002,38.206488
-85.82050300000002,38.206488
-74.00362319999999,40.7179903
-73.9423425,40.7034713
-73.8335209,40.7573277
-95.9930195,36.1523664
-112.1175322,33.470946
-112.1175322,33.470946
-73.91258300000001,40.7604619
-111.9022021,40.8482139
-111.9022021,40.8482139
-111.9022021,40.8482139
-111.9022021,40.8482139
-73.9975085,40.7106035
-74.0023137,40.7498326
-73.99965159999999,40.7425781
-73.9847444,40.7641748
-73.9656895,40.7974934
-73.9656895,40.7974934
-73.96032,40.773008
-73.9375225,40.7986115
-73.9375225,40.7986115
-73.9375225,40.7986115
-73.9498603,40.7999821
-73.9498603,40.7999821
-73.94475349999999,40.8286828
-73.94475349999999,40.8286828
-73.94475349999999,40.8286828
-73.94475349999999,40.8286828
-73.9479559,40.8145912
-121.4015542,38.6038704
-121.4015542,38.6038704
-73.9005045,40.8378925
-73.9005045,40.8378925
-73.90716239999999,40.8303573
-73.9095748,40.83226940000001
-73.90716239999999,40.8303573
-73.90716239999999,40.8303573
-73.90716239999999,40.8303573
-73.9095748,40.83226940000001
-73.90716239999999,40.8303573
-73.90716239999999,40.8303573
-73.86601689999999,40.8226186
-73.9257251,40.8280227
-73.8229001,40.8192054
-121.7462238,38.5446214
-81.070228,33.9832244
-94.31001479999999,37.1613276
-121.7462238,38.5446214
-73.94535479999999,40.630641
-73.9655044,40.7619245
-73.9655044,40.7619245
-73.9883005,40.71836589999999
-73.87987600000001,40.6742366
-73.96263,40.679301
-73.9871936,40.7335287
-73.95785529999999,40.7084911
-73.904719,40.6890115
-73.904719,40.6890115
-73.8147053,40.7036796
-73.769544,40.6837389
-73.769544,40.6837389
-73.918778,40.769031
-119.0190127,35.3826169
-73.9801313,40.7167109
-73.98980990000001,40.718962
-73.985796,40.7221373
-74.00073859999999,40.7397286
-73.9825664,40.7313474
-73.96712,40.798503
-73.939059,40.8032013
-73.942364799999993,40.8217392
-73.942364799999993,40.8217392
-73.92211189999999,40.8200937
-73.9148828,40.8149146
-73.93888009999999,40.8050035
-85.3717836,32.68095020000001
-93.74511199999999,36.4012629
-73.94535479999999,40.630641
-73.9071275,40.6729288
-73.9404869,40.6969382
-85.82050300000002,38.206488
-85.82050300000002,38.206488
-73.76324319999999,40.7134981
-73.8154852,40.7294603
-75.202682,39.9536292
-75.202682,39.9536292
-75.202682,39.9536292
-75.202682,39.9536292
-73.742009,40.774674
-73.7925173,40.6803923
-94.7053013,37.3961631
-73.998209,40.713929
-73.99012379999999,40.71338900000001
-73.97637329999999,40.7195134
-73.97637329999999,40.7195134
-74.0008924,40.74849469999999
-74.0008924,40.74849469999999
-90.83157519999999,32.3774765
-73.9179674,40.8077039
-73.8807392,40.8231159
-73.8807392,40.8231159
-73.926739,40.837026
-73.9169127,40.8383387
-73.9032617,40.8487811
-73.9032617,40.8487811
-73.94859749999999,40.6508471
-73.92596429999999,40.63851409999999
-73.92596429999999,40.63851409999999
-73.92596429999999,40.63851409999999
-73.92596429999999,40.63851409999999
-73.9928511,40.7607596
-73.9080267,40.676295
-73.9080267,40.676295
-73.9344479,40.6766154
-73.952112,40.6777985
-73.9493312,40.689271
-73.9796382,40.6945163
-73.9796382,40.6945163
-73.9796382,40.6945163
-73.76324319999999,40.7134981
-73.9287488,40.7276482
-73.834361,40.760193
-73.834361,40.760193
-74.0002427,40.7441377
-95.75482129999999,29.9996552
-95.75482129999999,29.9996552
-73.92851929999999,40.8150964
-80.003695,40.4334
-73.9173471,40.8134832
-73.92326109999999,40.8134667
-73.9004334,40.8216316
-73.8636788,40.8229486
-73.9105098,40.8746378
-73.90407929999999,40.8585841
-80.003695,40.4334
-73.90515289999999,40.6567847
-73.90515289999999,40.6567847
-73.90515289999999,40.6567847
-73.80354,40.7023891
-74.0069362,40.6768607
-80.8980174,35.2064327
-73.75509199999999,40.603836
-73.78895790000001,40.71081
-122.2171019,37.44689450000001
-122.2171019,37.44689450000001
-122.2171019,37.44689450000001
-73.8961789,40.6579899
-73.8961789,40.6579899
-74.1374251,40.6325043
-74.1374251,40.6325043
-74.1374251,40.6325043
-74.0127953,40.7045106
-74.0127953,40.7045106
-73.9883799,40.7368375
-73.9831866,40.7685526
-73.9364873,40.8339028
-72.1692927,42.2255685
-117.187947,47.668102
-73.893091,40.8532549
-73.89194330000001,40.8614756
-73.90045769999999,40.8798897
-73.894508,40.863047
-73.8784304,40.8743799
-73.922262,40.6101609
-73.9384664,40.6548627
-73.8949104,40.6506517
-73.9274257,40.6784301
-73.9894929,40.7402135
-73.95939059999999,40.6843885
-73.9676214,40.79052890000001
-73.942948,40.7973844
-73.9566378,40.81197390000001
-73.9442007,40.8096568
-73.94998850000002,40.7991277
-73.8875207,40.8647524
-94.66787149999999,38.8875751
-73.8870853,40.8119935
-73.903927,40.8523236
-73.98175189999999,40.7327366
-73.939925,40.667192
-73.8878635,40.6543154
-73.882908,40.67513
-73.86184349999999,40.6702471
-73.89260759999999,40.6724755
-73.89260759999999,40.6724755
-73.89260759999999,40.6724755
-73.9528534,40.6981461
-73.9222369,40.6896184
-73.913623,40.691311
-73.79998719999999,40.6937298
-73.79998719999999,40.6937298
-73.8622805,40.7499212
-73.878421,40.736457
-73.7810444,40.6809146
-73.881523,40.7500477
-73.9181397,40.7602823
-74.0859584,40.63484529999999
-73.9910835,40.7358633
-73.9874565,40.7379353
-73.9874565,40.7379353
-73.9768449,40.7514964
-73.9164014,40.8162982
-73.8656945,40.8216615
-73.89789789999999,40.859064
-73.8450766,40.8701433
-73.86273469999999,40.8833273
-73.873488,40.841894
-73.83706800000002,40.8528373
-73.9095518,40.8750732
-73.95606099999999,40.5921076
-73.9336975,40.6420841
-73.9864089,40.7385268
-70.15341099999999,44.9607962
-73.94535479999999,40.630641
-73.9440389,40.69169979999999
-73.9817403,40.6987957
-73.95862149999999,40.7078916
-73.9578638,40.71147209999999
-73.9578638,40.71147209999999
-73.7992381,40.6936702
-73.84246759999999,40.8972762
-94.7053013,37.3961631
-94.7053013,37.3961631
-94.7053013,37.3961631
-94.7053013,37.3961631
-94.7053013,37.3961631
-94.7053013,37.3961631
-73.9973388,40.7370691
-73.9973388,40.7370691
-73.9973388,40.7370691
-73.985796,40.7221373
-73.985796,40.7221373
-73.9861232,40.7419206
-73.9739642,40.7421225
-73.94539639999999,40.7939239
-73.94539639999999,40.7939239
-73.96771319999999,40.7981779
-73.96771319999999,40.7981779
-73.96771319999999,40.7981779
-73.9367343,40.8040915
-73.9367343,40.8040915
-76.3716658,36.8609327
-73.894007,40.85804
-73.9607348,40.578696
-73.9329114,40.6479969
-73.9050863,40.8327501
-73.91077179999999,40.6784919
-73.9832521,40.693683299999996
-73.9945616,40.7171001
-73.9901951,40.7140636
-73.9901951,40.7140636
-73.9884498,40.7484063
-73.9884498,40.7484063
-73.9884498,40.7484063
-73.9707078,40.7925081
-73.9374058,40.8299488
-73.7715502,43.0825825
-73.7715502,43.0825825
-73.9391059,40.8515263
-73.9091207,40.81397339999999
-73.92247119999999,40.818413
-73.9144091,40.8242198
-73.9063989,40.832712
-73.8688605,40.8180551
-73.8770845,40.8341664
-73.9176232,40.8417473
-73.9176232,40.8417473
-73.91832339999999,40.8309092
-73.8439148,40.8421385
-73.903927,40.8523236
-73.9773038,40.7661851
-73.984647,40.7665982
-73.956165,40.6537806
-73.9477524,40.6629004
-73.9180669,40.675376
-122.4100932,37.796504
-73.88714960000001,40.6573763
-73.9222369,40.6896184
-93.3053613,37.2162738
-73.9327939,40.6832289
-73.9326181,40.6820676
-74.0052408,40.7174249
-74.0052408,40.7174249
-74.0052408,40.7174249
-73.814267,40.587171
-73.73136000000001,40.70648
-73.73136000000001,40.70648
-73.73136000000001,40.70648
-73.7796244,40.6787875
-73.9781683,40.7162605
-73.9904346,40.7344091
-73.9904346,40.7344091
-73.9825664,40.7313474
-73.9580934,40.7773906
-73.9448886,40.8143217
-73.915671,40.8184778
-73.923054,40.838905
-73.9171981,40.8477209
-73.8644818,40.8410341
-73.8882558,40.84659449999999
-73.8971408,40.8666089
-73.9136474,40.6564808
-74.023376,40.634968
-71.2805559,44.0749019
-73.9555219,40.6681787
-122.4100932,37.796504
-73.9834217,40.7616294
-73.897999,40.6660342
-73.850475,40.6939769
-73.9733265,40.7252148
-73.9733265,40.7252148
-73.9733265,40.7252148
-73.9847724,40.76921230000001
-74.0035053,40.7404697
-73.9050863,40.8327501
-73.89832249999999,40.8303564
-77.5773403,37.595231
-73.8504063,40.81921699999999
-73.8504063,40.81921699999999
-73.8504063,40.81921699999999
-73.8268113,40.871282
-73.9537655,40.6586625
-73.906795,40.6794793
-73.9825664,40.7313474
-114.684305,32.5968897
-73.91362,40.765992
-73.91362,40.765992
-73.91362,40.765992
-74.00051189999999,40.7299997
-73.9822255,40.7179712
-73.96327099999999,40.79796
-73.9545806,40.8175931
-73.9565092,40.8169423
-73.9170156,40.8673797
-73.9205739,40.8067937
-73.87358429999999,40.8404839
-73.8786141,40.8766392
-97.7521641,30.2888558
-73.9874564,40.76203659999999
-73.59058259999999,40.70486959999999
-73.9080267,40.676295
-73.9166599,40.700019
-73.8457888,40.6893409
-73.8457888,40.6893409
-73.8457888,40.6893409
-73.8457888,40.6893409
-73.8457888,40.6893409
-73.802812,40.694245
-73.802812,40.694245
-73.802812,40.694245
-73.7641462,40.7242441
7.039237399999999,43.5485196
-73.7608553,40.6855242
-73.7608553,40.6855242
-73.79374800000001,40.6782482
-73.79374800000001,40.6782482
-73.93729809999999,40.773723
-73.8622238,40.7532769
-97.476287,35.642588
-73.9969443,40.7490938
-73.93998669999999,40.79590090000001
-73.96837359999999,40.7932251
-73.9529963,40.8174256
-73.9562708,40.8124425
-73.9226177,40.860435
-73.9326475,40.8537504
-73.9264054,40.8620376
-73.93510549999999,40.84229990000001
-73.8229083,40.8193362
-73.8229083,40.8193362
-76.7402185,39.3251179
-73.98175189999999,40.7327366
-73.94444659999999,40.6153597
-73.9297471,40.6463192
-73.98218,40.62668499999999
-73.98218,40.62668499999999
-73.96064179999999,40.6497532
-73.9288637,40.6657192
-73.99191069999999,40.7659274
-73.91077179999999,40.6784919
-73.8773983,40.6719971
-73.89941189999999,40.6768953
-73.8738595,40.6833531
-90.9434079,39.203406
-95.6540697,37.05370440000001
-73.93393739999999,40.774131
-74.1191267,40.6357461
-73.9975085,40.7106035
-74.00111489999999,40.7307914
-73.9984746,40.7453063
-73.9642166,40.6606048
-73.9367343,40.8040915
-73.9562708,40.8124425
-73.9415724,40.8341952
-73.9078284,40.8153257
-73.8987168,40.8275632
-73.86668999999999,40.8226966
-73.86648620000001,40.821365
-87.8176775,41.8199503
-73.8240009,40.8235173
-73.9388762,40.6495854
-73.90896219999999,40.6810036
-73.9845029,40.6826133
-73.9845029,40.6826133
-73.9294398,40.6849007
-73.7553764,40.6040162
-73.7325759,40.7205682
-73.7325759,40.7205682
-73.90353379999999,40.7457743
-73.90353379999999,40.7457743
-77.6075628,43.135953
-74.2306062,40.5372165
-74.0097069,40.7068657
-73.9903489,40.725257
-76.8413408,39.0973159
-73.96554239999999,40.8035259
-73.9490701,40.830993
-73.9464625,40.8205972
-73.9464625,40.8205972
-73.8467307,40.8174573
-73.568085,41.032656
-73.568085,41.032656
-73.568085,41.032656
-73.568085,41.032656
-73.88298379999999,40.8719167
-73.88298379999999,40.8719167
-73.9761158,40.576552
-95.47290799999999,29.7307465
-73.9857633,40.6096878
-73.99697429999999,40.6262341
-73.95258059999999,40.651542
-73.962727,40.6528584
-73.9060724,40.6714454
-73.9221584,40.6766659
-73.7676065,40.75622509999999
-73.997316,40.7193289
-74.0027971,40.7500762
-74.0027971,40.7500762
-97.7521641,30.2888558
-73.99801599999999,40.7582197
-73.9824749,40.7770746
-73.96466699999999,40.802778000000004
-73.9367343,40.8040915
-73.956822,40.8050482
-73.8520312,40.862938
-73.9018344,40.8621486
-73.9018344,40.8621486
-73.883495,40.8811389
-74.0003452,40.5805775
-73.9968531,40.595627
-73.9968531,40.595627
-73.9968531,40.595627
-73.9534175,40.5880664
-73.9534175,40.5880664
-73.9534175,40.5880664
-73.90862539999999,40.6245673
-73.97032229999999,40.7564635
-95.7060279,37.2272306
-95.3703177,29.4726821
-73.9260966,40.6820082
-73.9964609,40.7236813
-73.9964609,40.7236813
-73.9588934,40.710404
-73.8304514,40.5809995
-73.8304514,40.5809995
-73.791129,40.7117499
-73.74914290000001,40.7396683
-74.1599961,40.63667299999999
-74.0031857,40.7334751
-73.9809574,40.7299251
-94.5859555,39.0918925
-73.9834487,40.76786870000001
-73.97238159999999,40.7899188
-73.9442007,40.8096568
-73.9442007,40.8096568
-73.924745,40.8126299
-73.9127647,40.8201711
-73.886259,40.835699
-73.9258791,40.8275189
-73.9117938,40.8264153
-73.9117938,40.8264153
-73.8052258,40.8171121
-73.86900039999999,40.8657206
-73.868038,40.8668
-73.883495,40.8811389
-73.8940027,40.8674034
-73.9812073,40.5908225
-73.9812073,40.5908225
-73.9812073,40.5908225
-73.96666909999999,40.7532817
-73.8961789,40.6579899
-73.95146059999999,40.7878021
-73.9315963,40.668369
-73.9315963,40.668369
-73.88371579999999,40.6663015
-74.00702540000002,40.7098694
-73.9210791,40.7020655
-73.9210791,40.7020655
-73.98809920000001,40.6908316
-73.97547879999999,40.6867708
-73.9663638,40.7128367
-73.9398633,40.7077716
-73.8730341,40.7340424
-73.7942702,40.7100259
-73.824648,40.760574
-73.7741353,40.7443102
-73.7741353,40.7443102
-73.95246329999999,40.8107382
-73.9437651,40.8253061
-73.9414249,40.8309147
-73.9416562,40.8328552
-73.9416562,40.8328552
-73.9424401,40.8280385
-73.86046449999999,40.8331644
-73.85137739999999,40.8882314
-73.8954744,40.8498932
-73.9933705,40.5750768
-73.9743002,40.5796567
-73.9556138,40.58322099999999
-73.8992851,40.6577158
-73.80354,40.7023891
-73.80354,40.7023891
-73.80354,40.7023891
-73.9466872,40.6936435
-73.9466872,40.6936435
-73.9466872,40.6936435
-73.9485729,40.6414346
-73.9485729,40.6414346
-73.8172822,40.5856599
-73.8730341,40.7340424
-73.904711699999993,40.7450034
-74.0099287,40.714855
-74.0147463,40.710921
-73.9825664,40.7313474
-73.9941211,40.7420901
-73.94946,40.7803979
-73.95246329999999,40.8107382
-73.95246329999999,40.8107382
-73.9487541,40.8082644
-73.9192924,40.8066945
-73.9059939,40.8302109
-96.9582978,32.89527340000001
-73.86134779999999,40.8327709
-73.86338510000002,40.8387024
-73.9102985,40.8287869
-73.91660089999999,40.8284745
-73.9171094,40.8454082
-73.86978979999999,40.830898
-73.88380599999999,40.845416
-72.1692927,42.2255685
-73.9232377,40.6097635
-73.9559811,40.6477571
-73.9773038,40.7661851
-73.8683908,40.6768252
-73.97699829999999,40.6644777
-73.97699829999999,40.6644777
-73.998802,40.7342315
-73.90685239999999,40.6885562
-73.90685239999999,40.6885562
-73.8363267,40.69738419999999
-73.8071916,40.7300888
-74.1493654,40.6254206
-74.1493654,40.6254206
-74.1493654,40.6254206
-74.1493654,40.6254206
-74.1493654,40.6254206
-74.1493654,40.6254206
-73.9574725,40.7726397
-73.9876766,40.770716
-73.95035589999999,40.7910818
-73.95035589999999,40.7910818
-73.9419407,40.81526410000001
-73.8950098,40.8409641
-73.8745256,40.8279484
-73.9054318,40.8574266
-73.893091,40.8532549
-73.8462363,40.8556769
-73.95719799999999,40.6534004
-73.91752,40.670155
-73.9459047,40.710451
-73.8913982,40.7123481
-73.852083,40.7225594
-73.852083,40.7225594
-74.1570129,40.6344999
-90.3310482,38.623948
-74.1570129,40.6344999
-74.00543019999999,40.7156748
-73.9656177,40.7744146
-73.95049829999999,40.8107705
-73.956822,40.8050482
-73.9416052,40.8040392
-73.9416052,40.8040392
-73.9562567,40.8036247
-73.9486773,40.82625549999999
-73.9329806,40.8478725
-73.91485750000001,40.8245063
-73.9226389,40.8205283
-73.9226389,40.8205283
-73.89395329999999,40.8554839
-73.89395329999999,40.8554839
-73.89395329999999,40.8554839
-73.87510429999999,40.8769534
-73.980581,40.6012103
-73.9491275,40.6442021
-74.03377619999999,40.6176919
-73.95409839999999,40.6662372
-73.9510313,40.66206469999999
-73.9510313,40.66206469999999
-73.92045929999999,40.66563499999999
-73.994436,40.6808703
-73.91407199999999,40.6988381
-74.00043099999999,40.7288134
-73.9703833,40.684378100000004
-73.91960399999999,40.744718
-73.9260743,40.7267625
-73.9260743,40.7267625
-73.7696689,40.698011
-73.92139209999999,40.7664254
-73.92139209999999,40.7664254
-73.92139209999999,40.7664254
-73.9147754,40.7787529
-74.07088259999999,40.61202309999999
-74.07088259999999,40.61202309999999
-74.07088259999999,40.61202309999999
-74.07088259999999,40.61202309999999
-74.007457,40.7102958
-73.9450749,40.7812666
-73.9177493,40.8190537
-73.9226431,40.8079618
-73.8877819,40.8374083
-73.8656945,40.8216615
-73.1558671,41.1825747
-73.9102609,40.8390643
-73.90571419999999,40.8450771
-73.8503777,40.90342709999999
-73.9619398,40.57629050000001
-73.97278829999999,40.5916954
-73.9893629,40.75957160000001
-73.9366428,40.6693118
-73.9725591,40.6773274
-73.923672,40.692626
-73.91809839999999,40.6885137
-73.94209000000001,40.7056175
-73.80248499999999,40.6918859
-73.80248499999999,40.6918859
-73.80248499999999,40.6918859
-73.80248499999999,40.6918859
-73.80248499999999,40.6918859
-73.743202,40.681636
-73.8636818,40.7433542
-74.2486553,40.5105125
-73.9970929,40.72229249999999
-73.9988765,40.7424161
-73.9950578,40.7577547
-73.9950578,40.7577547
-73.98881089999999,40.7521589
-73.9834487,40.76786870000001
-73.9446827,40.7812127
-73.9570837,40.81307700000001
-73.94272409999999,40.8469434
-73.9220665,40.867828
-73.86978979999999,40.830898
-73.906962,40.843792
-73.83422159999999,40.8367679
-73.8581937,40.86145339999999
-73.943241,40.624952
-73.92714149999999,40.6260997
-73.8975815,40.6372104
-73.99017169999999,40.6191321
-73.9642329,40.7630254
-73.950244,40.695008
-73.950244,40.695008
-73.950244,40.695008
-73.950244,40.695008
-73.9769956,40.6942367
-73.9096327,40.699736
-73.72428719999999,40.7338986
-73.94527339999999,40.7457329
-73.8657167,40.7369079
-73.8657167,40.7369079
-74.0254856,40.6297742
-95.712891,37.09024
-74.07862,40.627621
-74.0881316,40.64700819999999
-74.0881316,40.64700819999999
-74.07862,40.627621
-73.99306829999999,40.7136418
-73.9893848,40.7223013
-73.988281,40.71883
-74.0007281,40.7407233
-73.9773038,40.7661851
-73.940276,40.78847080000001
-73.9417915,40.7950496
-73.945044,40.8333215
-73.90822519999999,40.8171055
-73.8979681,40.816750999999996
-73.856699,40.8200322
-73.8637155,40.8231055
-73.86668999999999,40.8226966
-73.9256705,40.8262974
-73.9159935,40.8515897
-73.89112039999999,40.85864309999999
-73.8568832,40.8530772
-73.8568832,40.8530772
-73.89120070000001,40.8661173
-73.9433456,40.5778761
-73.9485729,40.6414346
-73.9694269,40.75771049999999
-73.9326066,40.6562999
-73.91565469999999,40.6691315
-73.88371579999999,40.6663015
-73.95855259999999,40.67645630000001
-73.9293804,40.68031190000001
-73.95186199999999,40.7694491
-73.95186199999999,40.7694491
-95.712891,37.09024
-73.9521931,40.7780602
-82.462773,38.413964
-94.7053013,37.3961631
-94.7053013,37.3961631
-73.9367343,40.8040915
-73.94820729999999,40.8106543
-73.9443861,40.8360297
-73.9194887,40.86616
-73.917714899999993,40.8206448
-73.917714899999993,40.8206448
-73.8938649,40.8344502
-73.8938649,40.8344502
-73.8938649,40.8344502
-73.8667713,40.8234082
-73.8667713,40.8234082
-73.8667713,40.8234082
-73.89134609999999,40.8474742
-73.8846089,40.8462839
-73.8846089,40.8462839
-73.89347529999999,40.6512663
-73.89347529999999,40.6512663
-73.9773038,40.7661851
-73.889949,40.6735501
-73.9499841,40.6781272
-73.93498699999999,40.680273
-84.670547,39.1978633
-84.670547,39.1978633
-84.670547,39.1978633
-73.9745459,40.7883666
-73.855255,40.741624
-73.902693,40.7759659
-73.9351831,40.7609137
-74.16476639999999,40.5811995
-74.19085600000001,40.56307899999999
-73.9972236,40.7117832
-73.9895038,40.7123029
-73.9748434,40.6633691
-73.9527505,40.7901407
-73.9379199,40.8037062
-73.94216829999999,40.7980999
-73.94528489999999,40.8073848
-73.9295296,40.8615937
-73.9295296,40.8615937
-73.9295296,40.8615937
-73.9295296,40.8615937
-73.91701599999999,40.819972
-73.91701599999999,40.819972
-73.91701599999999,40.819972
-73.91701599999999,40.819972
-73.8946917,40.83040700000001
-73.8946917,40.83040700000001
-73.8946917,40.83040700000001
-73.8685622,40.8255474
-73.8685622,40.8255474
-73.90558430000002,40.8356545
-73.893316,40.860219
-73.9883159,40.7753609
-73.93276740000002,40.63399649999999
-73.9636725,40.6351042
-73.95855259999999,40.6464987
-121.9792615,37.30301310000001
-73.8694953,40.6663489
-70.89452779999999,42.499259
-73.9246385,40.669019
-73.9156368,40.7356679
-73.9797524,40.7498316
-73.8773983,40.6719971
-73.983918,40.660137
-73.983918,40.660137
-74.1707638,40.6404749
-74.1707638,40.6404749
-73.9910835,40.7358633
-73.94840429999999,40.7753951
-73.9470748,40.7770274
-73.9470748,40.7770274
-73.94629809999999,40.7884438
-73.94629809999999,40.7884438
-73.956822,40.8050482
-73.956822,40.8050482
-73.9090367,40.8215066
-73.8830952,40.8535745
-73.86529,40.861006
-73.86529,40.861006
-73.86529,40.861006
-73.86529,40.861006
-73.9029766,40.8690625
-74.0008424,40.7399454
-74.0008424,40.7399454
-73.920418,40.634358400000004
-117.835375,33.7619423
-73.94645899999999,40.645976
-73.9464067,40.6464152
-73.9556515,40.6441499
-73.9121229,40.6370685
-73.9121229,40.6370685
-73.9902311,40.7370459
-73.9506586,40.6681585
-73.9506586,40.6681585
-73.9479135,40.6625362
-121.9792615,37.30301310000001
-73.918168,40.675699
-73.8715625,40.6836042
-73.9871855,40.7143179
-73.94886699999999,40.670197
-73.94886699999999,40.670197
-73.950425,40.673294
-73.95785529999999,40.7084911
-73.793694,40.69597220000001
-73.793694,40.69597220000001
-73.793694,40.69597220000001
-73.80354,40.7023891
-73.733354,40.6593779
-73.733354,40.6593779
-73.733354,40.6593779
-73.733354,40.6593779
-73.733354,40.6593779
-95.70603559999999,37.2230876
-73.86398539999999,40.7355338
-84.29337249999999,30.4834627
-112.1537826,33.5966171
-74.08680729999999,40.6397425
-74.1973421,40.5597257
-74.1973421,40.5597257
-74.1973421,40.5597257
-95.712891,37.09024
-73.9422199,40.79647749999999
-73.942804,40.7941401
-73.96032,40.773008
-73.9543051,40.8173997
-73.9473251,40.8163293
-73.938765,40.8458272
-73.9081769,40.817263
-73.8770845,40.8341664
-73.9058993,40.8480347
-73.84581179999999,40.8868782
-73.84581179999999,40.8868782
-73.84581179999999,40.8868782
-73.84581179999999,40.8868782
-73.84581179999999,40.8868782
-73.887631,40.8582214
-73.873488,40.841894
-90.4073832,38.5830952
-73.8847886,40.8535216
-93.2313295,44.9783351
-73.91902999999999,40.661108
-73.959448,40.6612579
-73.9505625,40.6577336
-122.6056049,45.51176100000001
-122.6056049,45.51176100000001
-73.9513157,40.6799348
-73.7964045,40.5982995
-73.7992843,40.70307700000001
-73.7390612,40.7073529
-73.99017529999999,40.7582727
-73.89987579999999,40.7437259
-73.8554623,40.7343236
-74.00702540000002,40.7098694
-94.7053013,37.3961631
-76.8413408,39.0973159
-73.976185,40.725057
-73.96837359999999,40.7932251
-73.9414249,40.8309147
-94.7053013,37.3961631
-73.9160033,40.8233969
-73.9160033,40.8233969
-73.9166019,40.8089719
-96.8000227,32.7861105
-96.8000227,32.7861105
-73.90080689999999,40.8334701
-73.86046449999999,40.8331644
-73.86046449999999,40.8331644
-73.8669542,40.8190444
-73.8669542,40.8190444
-73.8504063,40.81921699999999
-94.7053013,37.3961631
-73.984647,40.7665982
-73.9927909,40.6660677
-73.9084221,40.6734508
-73.9083796,40.6630322
-73.9085439,40.6642253
-73.89273949999999,40.66252069999999
-73.876271,40.672592
-73.99820799999999,40.6757625
-73.99820799999999,40.6757625
-73.9080267,40.676295
-73.9080267,40.676295
-73.9080267,40.676295
-73.9096327,40.699736
-73.83588069999999,40.7187204
-73.8622805,40.7499212
-122.3126805,47.34385640000001
-74.0084215,40.7095468
-73.9895227,40.7478362
-73.9655044,40.7619245
-94.7053013,37.3961631
-73.9577813,40.8037381
-73.94858789999999,40.8320613
-73.94858789999999,40.8320613
-73.921855,40.8650589
-73.92484739999999,40.8135891
-73.8785576,40.8230371
-73.877213,40.82534649999999
-73.9266205,40.8344303
-73.90201809999999,40.8467294
-73.90201809999999,40.8467294
-73.90201809999999,40.8467294
-73.90201809999999,40.8467294
-73.8875207,40.8647524
-73.8875207,40.8647524
-73.8874273,40.8595729
-79.1567766,35.4736745
-73.9297471,40.6463192
-73.9559008,40.6422072
-73.9518713,40.6660945
-73.9518713,40.6660945
-73.910102,40.6727645
-73.9084221,40.6734508
-73.9221895,40.667358
-73.8982801,40.6671909
-73.8971722,40.6737214
-73.8719033,40.6754013
-73.89680469999999,40.66856870000001
-73.9277022,40.6937811
-73.98142899999999,40.6845509
-73.9754284,40.6937063
-73.75737529999999,40.60004319999999
-73.8622805,40.7499212
-73.859223,40.720296
-73.859223,40.720296
-88.31660389999999,41.9121193
-73.9175448,40.7704684
-111.8535554,33.4008686
-73.9984746,40.7453063
-73.9810763,40.745301
-73.9595423,40.7707567
-73.9442007,40.8096568
-73.9442007,40.8096568
-73.8994459,40.821664
-73.8994459,40.821664
-73.8848616,40.8379412
-73.9074878,40.8348418
-73.86601689999999,40.8226186
-73.8706322,40.8608628
-73.9782364,40.5733576
-73.9787857,40.5726046
-84.18300099999999,39.7453846
-73.99337249999999,40.6089144
-71.2805559,44.0749019
-73.96937419999999,40.74950130000001
-73.96802749999999,40.7587698
-73.9198627,40.6661566
-73.90178879999999,40.91677310000001
-73.92113650000002,40.6716227
-73.8831719,40.6686331
-73.94228410000001,40.6684629
-73.945883,40.682742
-73.9894929,40.7402135
-73.933137,40.6984459
-73.98070729999999,40.6871939
-74.00702540000002,40.7098694
-74.00702540000002,40.7098694
-74.00702540000002,40.7098694
-74.00702540000002,40.7098694
-73.891083,40.734915
-73.99232310000001,40.7165392
-73.99571499999999,40.72911269999999
-73.9757539,40.7248133
-73.9514695,40.7775768
-73.956822,40.8050482
-73.9575424,40.8140631
-73.9568536,40.8057917
-73.8641263,40.8219303
-73.8500569,40.9032843
-73.8488857,40.9065156
-73.8616289,40.8768652
-71.0788876,42.3556187
-73.9002902,40.8799025
-73.9002902,40.8799025
-73.9531574,40.59026619999999
-73.98175189999999,40.7327366
-73.9715678,40.6462016
-73.9707078,40.7925081
-73.9707078,40.7925081
-73.9611767,40.6483758
-73.95917570000002,40.6646272
-73.9485729,40.6414346
-73.9580612,40.6700464
-73.87987600000001,40.6742366
-73.9064056,40.6658915
-73.9064056,40.6658915
-73.9064056,40.6658915
-73.9064056,40.6658915
-73.87366899999999,40.6721967
-73.87987600000001,40.6742366
-73.87987600000001,40.6742366
-73.87987600000001,40.6742366
-73.9352818,40.6733473
-73.9864758,40.6899225
-73.9373404,40.717707
-73.8346438,40.7017546
-73.9175448,40.7704684
-73.9582698,40.8023039
-74.0830215,40.6119894
-73.9925927,40.7188482
-74.0081158,40.74094220000001
-73.9910835,40.7358633
-73.9946703,40.7527048
-73.9831506,40.7459724
-73.9050863,40.8327501
-73.9470384,40.779525
-73.9447036,40.7915312
-73.9440511,40.79491489999999
-73.9562105,40.8134463
-73.94529419999999,40.8074227
-73.9441729,40.8100492
-73.92819779999999,40.8624823
-73.927793,40.86132569999999
-73.93049409999999,40.8505219
-73.92160729999999,40.8673003
-73.9148828,40.8149146
-73.9148828,40.8149146
-73.9184387,40.8229818
-73.9028593,40.8561775
-73.8874273,40.8595729
-73.9367973,40.6599209
-73.9367973,40.6599209
-73.871805,40.6693395
-73.931994,40.6941432
-73.9080267,40.676295
-73.9080267,40.676295
-73.9080267,40.676295
-73.9586849,40.802479
-73.8299911,40.7134782
-73.75451199999999,40.714994
-73.791129,40.7117499
-74.0041055,40.7433306
-73.83951499999999,40.7672943
-73.998802,40.7342315
-73.998802,40.7342315
-73.9280141,40.7027832
-117.2264349,47.6571218
-74.23027069999999,40.5270456
-74.2018307,40.5558363
-74.1715128,40.55941199999999
-73.99571499999999,40.72911269999999
-71.06247259999999,42.3003886
-73.9451186,40.7806566
-73.9591348,40.8064231
-73.9591348,40.8064231
-73.944693,40.8347752
-73.89938459999999,40.83970009999999
-73.8783565,40.83483
-73.86357199999999,40.828049
-73.8238131,40.8224232
-73.8650363,40.87676949999999
-73.893137,40.84796
-76.4822203,44.2329647
-73.9968531,40.595627
-73.9968531,40.595627
-73.9615456,40.6030108
-74.0044776,40.6345021
-74.0044776,40.6345021
-74.0044776,40.6345021
-73.92564899999999,40.6628169
-73.9467515,40.6315059
-93.74511199999999,36.4012629
-73.9980082,40.7475915
-118.2807401,33.7251809
-73.9894012,40.6592022
-73.91077179999999,40.6784919
-73.91077179999999,40.6784919
-73.91077179999999,40.6784919
-73.91077179999999,40.6784919
-73.8710658,40.6656997
-73.8710658,40.6656997
-85.82050300000002,38.206488
-73.9536622,40.6864043
-73.93422799999999,40.703963
-73.958356,40.7132956
-73.958356,40.7132956
-73.958356,40.7132956
-73.79458439999999,40.5912681
-73.788161,40.702467
-73.788161,40.702467
-73.914144,40.7436637
-73.9373166,40.7603639
-74.1335749,40.627937
-74.1335749,40.627937
-73.959041,40.772315
-73.96853970000001,40.8012261
-73.9657474,40.7995653
-73.93936819999999,40.8435263
-73.9416928,40.8364629
-73.9562105,40.8134463
-73.8997495,40.8196594
-73.89866909999999,40.8273674
-73.89866909999999,40.8273674
-73.89866909999999,40.8273674
-76.549285,39.376965
-73.856699,40.8200322
-73.92337309999999,40.85153010000001
-73.8643558,40.8818239
-73.9996513,40.5764316
-73.954928,40.607926
-73.9521931,40.7780602
-71.2805559,44.0749019
-71.2805559,44.0749019
-73.9499397,40.6450701
-70.28401079999999,43.6771426
-73.9485729,40.6414346
-73.9485729,40.6414346
-73.9380257,40.6596609
-96.88019899999999,32.820946
-80.4954674,27.63873
-73.918525,40.737698
-73.8730341,40.7340424
-73.8819023,40.7556466
-73.9584414,40.7705669
-73.93888009999999,40.8050035
-73.9602326,40.7788867
-73.95865979999999,40.7698166
-73.9427099,40.7938307
-73.9416115,40.7954072
-73.9416115,40.7954072
-73.9575424,40.8140631
-89.4087258,43.0692483
-74.10659559999999,40.5780568
-73.86357199999999,40.828049
-73.8445253,40.8417985
-73.82288129999999,40.8235426
-73.82288129999999,40.8235426
-73.898665,40.858692
-73.898665,40.858692
-73.9178641,40.8461015
-73.91881049999999,40.6114521
-73.9508725,40.6207064
-73.9467515,40.6315059
-73.9376856,40.6932511
-73.93309810000001,40.6882279
-118.2729651,33.9209328
-73.943,40.702036
-73.943,40.702036
-73.89746869999999,40.7491462
-73.8333238,40.7582667
-105.0188913,39.711498
-73.96032,40.773008
-73.9050863,40.8327501
-73.9050863,40.8327501
-94.7053013,37.3961631
-73.9345172,40.8548466
-73.9240961,40.8611117
-73.8663069,40.8212841
-73.86345399999999,40.8210852
-73.8870853,40.8119935
-73.9004171,40.8581755
-73.8913106,40.8641499
-73.8913106,40.8641499
-73.8913106,40.8641499
-73.9812163,40.577293
-73.9891552,40.6188019
-73.9165628,40.61263710000001
-73.9165628,40.61263710000001
-73.9277731,40.61480239999999
-73.9050863,40.8327501
-74.01045640000001,40.6419295
-73.8916423,40.6599257
-73.91611879999999,40.6697968
-74.00702540000002,40.7098694
-73.88428689999999,40.6577148
-104.9093646,39.745049
-104.9093646,39.745049
-73.88428689999999,40.6577148
-73.957296,40.692438
-80.8980174,35.2064327
-94.7053013,37.3961631
-86.67284719999999,34.7141938
-73.9986356,40.6991311
-73.9096327,40.699736
-73.9628951,40.6914694
-73.93631979999999,40.7020774
-73.8730341,40.7340424
-73.8730341,40.7340424
78.5457649,17.3430889
-73.9400409,40.758247
-73.996749,40.7094723
-76.8413408,39.0973159
-73.950727,40.7707596
-73.950727,40.7707596
-73.9495938,40.7917087
-73.9793487,40.786963
-73.9367343,40.8040915
-73.956822,40.8050482
-73.944056,40.813196
-73.944056,40.813196
-73.9317891,40.86504499999999
-73.911126,40.813949
-73.8740892,40.82994739999999
-73.85065519999999,40.8203269
-73.9109747,40.8444252
-73.8968336,40.8453633
-73.9036421,40.8777079
-73.9073691,40.8770519
-73.9849313,40.5827572
-74.0007281,40.7407233
-74.0078863,40.6319778
-95.7060279,37.2272306
-95.7060279,37.2272306
-73.89941189999999,40.6768953
-73.8891273,40.6654424
-73.8769259,40.6665126
-75.1424857,39.8382651
-118.2729651,33.9209328
-73.98091389999999,40.7000691
-73.9398925,40.83562850000001
-73.9191316,40.7444341
-73.9437993,40.8277802
-73.8602384,40.7346339
-73.9079453,40.7561358
-73.9840037,40.7293824
-73.9840037,40.7293824
-94.7053013,37.3961631
-94.7053013,37.3961631
-73.9367343,40.8040915
-73.91025669999999,40.8129111
-73.9208113,40.8394771
-73.9020398,40.8531883
-73.8828163,40.8478368
-73.8821779,40.8416913
-73.95606099999999,40.5921076
-73.98562,40.7227711
-74.00068250000001,40.76209799999999
-73.9400684,40.6601506
-73.94535479999999,40.630641
-73.87252289999999,40.6737802
-73.87252289999999,40.6737802
-73.87252289999999,40.6737802
-73.8839435,40.7461278
-74.01229010000002,40.71028889999999
-73.992346,40.7189562
-73.992346,40.7189562
-74.0008924,40.74849469999999
-74.0008924,40.74849469999999
-73.9910835,40.7358633
-73.9729224,40.785466
-73.9432839,40.8204568
-73.9432839,40.8204568
-73.9148828,40.8149146
-73.877241,40.825873
-73.878664,40.827743
-73.9160958,40.8399354
-73.9160958,40.8399354
-73.9326031,40.5925176
-73.9556506,40.5878272
-73.9556506,40.5878272
-73.99697429999999,40.6262341
-73.929361,40.661645
-73.9220692,40.66561249999999
-73.8884331,40.6736427
-70.15341099999999,44.9607962
-73.90885109999999,40.6934043
-73.81386909999999,40.5870827
-73.8172822,40.5856599
-73.8172822,40.5856599
-73.72428719999999,40.7338986
-74.16522259999999,40.60927900000001
-74.14735689999999,40.624674
-74.14735689999999,40.624674
-74.14735689999999,40.624674
-73.9816393,40.7314169
-73.9480828,40.7808268
-73.9865588,40.7708193
-73.9409878,40.791908
-73.967587,40.793337
-73.9580429,40.81509
-86.27733669999999,32.4137912
-73.90348829999999,40.8264031
-73.8992062,40.8580294
-73.864975,40.87493
-73.9438411,40.5888491
-73.9438411,40.5888491
-73.94887489999999,40.6000739
-73.9274515,40.6217641
-73.9274515,40.6217641
-73.9274515,40.6217641
-73.9069828,40.6350959
-85.82050300000002,38.206488
-73.8844941,40.6484931
-95.7060279,37.2272306
-73.88931339999999,40.65726009999999
-73.88931339999999,40.65726009999999
-73.9714492,40.6910822
-73.78725,40.6990149
-104.7173693,40.39318799999999
-73.9984746,40.7453063
-73.9457949,40.7929264
-73.9372614,40.8024895
-73.9502641,40.8285423
-73.93709679999999,40.8448371
-73.86357199999999,40.828049
-73.919252,40.8431946
-73.8489,40.8849287
-73.88993839999999,40.8568084
-73.982669,40.7394962
-73.95599260000002,40.6083012
-73.95599260000002,40.6083012
-73.92004969999999,40.6100471
-73.94859749999999,40.6508471
-73.94859749999999,40.6508471
-73.9760393,40.6253361
-73.9760393,40.6253361
-77.0214051,38.9031201
-80.1365814,25.7906669
-90.1864336,32.2986778
-94.68189129999999,38.9010569
-73.8880145,40.6618619
-73.9790905,40.7193099
-73.92317539999999,40.7094142
-73.7997079,40.705113
-73.80136929999999,40.6743114
-73.966866,40.7608656
-85.71766149999999,38.2347134
-123.1166517,49.2331455
-73.9836105,40.7262954
-73.9836105,40.7262954
-74.16476639999999,40.5811995
-74.16476639999999,40.5811995
-74.1692746,40.57994960000001
-74.198483,40.5562259
-74.198483,40.5562259
-73.99954559999999,40.7113401
-73.9825664,40.7313474
-73.9754378,40.7252478
-73.9825664,40.7313474
-73.96032,40.773008
-73.96032,40.773008
-73.9442007,40.8096568
-73.9429395,40.8311415
-73.9411026,40.8131498
-73.9402941,40.8285306
-73.9202377,40.865553
-73.9202377,40.865553
-73.91317389999999,40.8059936
-73.91317389999999,40.8059936
-73.91317389999999,40.8059936
-73.9066438,40.8364982
-73.9090368,40.8399051
-73.8791735,40.82859819999999
-73.88201099999999,40.844551
-73.88201099999999,40.844551
-73.8877819,40.8374083
-73.8893973,40.8457148
-80.003695,40.4334
-73.96848609999999,40.5950522
-73.99697429999999,40.6262341
-73.99697429999999,40.6262341
-73.99697429999999,40.6262341
-73.95218129999999,40.785296
-73.9514851,40.7852179
-73.8639135,40.6687384
-73.5757294,45.49720320000001
-73.8961789,40.6579899
-73.92519589999999,40.672679
-73.9218599,40.7010954
-73.91263529999999,40.6850307
-73.91263529999999,40.6850307
-73.91407199999999,40.6988381
-73.7554786,40.6011929
-73.7554786,40.6011929
-73.7554786,40.6011929
-73.7554786,40.6011929
-73.7554786,40.6011929
-73.91387689999999,40.7539908
-87.60290119999999,41.8354674
-74.00682809999999,40.7086213
-74.00682809999999,40.7086213
-74.00682809999999,40.7086213
-74.00682809999999,40.7086213
-73.9903489,40.725257
-73.9656177,40.7744146
-73.9495938,40.7917087
-73.9716518,40.795344299999996
-73.9397819,40.84722989999999
-73.917883,40.8227975
-73.90768280000002,40.8264916
-73.90768280000002,40.8264916
-73.90631309999999,40.8293674
-73.8222633,40.8360056
-73.8665082,40.8755982
-73.9701126,40.5934366
-73.9491046,40.6012673
-73.9361314,40.6215106
-73.9917036,40.6442059
-73.98707770000001,40.6395769
-73.93106809999999,40.6608543
-73.93106809999999,40.6608543
-73.9835179,40.745793
-73.9835179,40.745793
-73.9835179,40.745793
-73.9835179,40.745793
-73.9773038,40.7661851
-73.9055063,40.6657954
-74.0007246,40.674421
-73.9738185,40.67408409999999
-73.97505199999999,40.674037
-73.957711,40.680917
-73.9093642,40.6938782
-73.9093642,40.6938782
-73.9093642,40.6938782
-73.9093642,40.6938782
-73.97483729999999,40.6954126
-73.79914,40.7039929
-73.8148124,40.7413696
-73.7925173,40.6803923
-73.9884895,40.7207262
-73.9820766,40.7320349
-73.9799099,40.7838194
-73.9799099,40.7838194
NA,NA
NA,NA
-73.957315,40.8043677
-73.957315,40.8043677
-73.9413617,40.8476607
-73.9294575,40.8627838
-73.9204361,40.81201679999999
-73.876302,40.83430269999999
-73.90405059999999,40.8789941
-73.9034879,40.642139
-73.9034879,40.642139
-73.9034879,40.642139
-73.9679811,40.6366606
-73.9679811,40.6366606
-73.9314294,40.6611331
-73.9192994,40.6741237
-73.88659799999999,40.6478346
-118.244389,34.1041397
-73.758363,40.720156
-73.72428719999999,40.7338986
-73.78050139999999,40.7277699
-73.8287735,40.7589273
-73.8287735,40.7589273
-73.8287735,40.7589273
-73.9987874,40.7106243
-89.4231789,43.0609829
-73.9594312,40.7692518
-73.957341,40.815638
-73.9487541,40.8082644
-73.87419899999999,40.824983
-73.87419899999999,40.824983
-73.8467307,40.8174573
-73.84714210000001,40.8837203
-73.883732,40.8543381
-73.883732,40.8543381
-73.883732,40.8543381
-73.9041105,40.8730531
-73.93410949999999,40.8510335
-73.9798326,40.5913168
-73.9146146,40.6187174
-73.91681919999999,40.61976629999999
-73.91902999999999,40.661108
-73.952755,40.6476755
-73.952755,40.6476755
-73.9118818,40.6532606
-73.942354,40.634887
-73.9864089,40.7385268
-122.4910079,47.206032
-73.9056876,40.6722701
-73.9056876,40.6722701
-121.9792615,37.30301310000001
-73.8902935,40.6641906
-73.8902935,40.6641906
-73.87987600000001,40.6742366
-93.3053613,37.2162738
-73.9681265,40.6725011
-73.8537602,40.6922779
-73.7438921,40.6395093
-95.99493869999999,36.1572292
-95.99493869999999,36.1572292
-95.99493869999999,36.1572292
-73.740504,40.660595
-73.8741447,40.7432603
-74.0084215,40.7095468
-74.0084215,40.7095468
-73.9987874,40.7106243
-73.9825664,40.7313474
-73.9825664,40.7313474
-73.9998367,40.7429581
-73.9825664,40.7313474
-73.9825664,40.7313474
-84.3040525,33.9582912
-73.9834487,40.76786870000001
-73.94624259999999,40.7860058
-73.9717309,40.7940247
-73.9367343,40.8040915
-73.94351,40.8226338
-73.86978979999999,40.830898
-73.86978979999999,40.830898
-73.84369819999999,40.8859594
-73.96965999999999,40.75700519999999
-73.9485729,40.6414346
-73.91447529999999,40.6705321
-73.8922802,40.67354479999999
-85.82050300000002,38.206488
-81.070228,33.9832244
-74.0757714,40.5811503
-73.9974184,40.7377651
-73.9725591,40.6773274
-73.937427,40.8406885
-73.944693,40.8347752
-73.8919257,40.8092961
-73.8992124,40.8580198
-73.8649555,40.8712375
-73.9640825,40.5955792
-73.9485729,40.6414346
-73.8920964,40.6635882
-73.8515929,40.7263823
-74.12117119999999,40.60997380000001
-74.0013973,40.7183533
-73.97527480000001,40.7244365
-73.9857653,40.735961
-73.9857653,40.735961
-73.9857653,40.735961
-73.9946743,40.7433615
-73.9925485,40.7580288
-73.98622,40.7587252
-73.9729224,40.785466
-73.9442713,40.79266459999999
-73.9368736,40.8066553
-73.9365717,40.8068426
-73.9365717,40.8068426
-73.933244,40.8448971
-73.933244,40.8448971
-73.933244,40.8448971
-73.921855,40.8650589
-73.921855,40.8650589
-73.9091834,40.8120307
-73.8648673,40.8270625
-73.8660312,40.8159831
-94.66787149999999,38.8875751
-73.9133918,40.8307428
-73.9086552,40.8540521
-73.9086552,40.8540521
-73.9001119,40.8539879
-80.003695,40.4334
-73.9566602,40.779461
-73.9235592,40.663785
-73.9475321,40.6588811
-73.9841435,40.767267
-73.9841435,40.767267
-73.952112,40.6777985
-73.9102321,40.6632895
-73.9102321,40.6632895
-73.9428135,40.6923657
-89.4231789,43.0609829
-90.1864336,32.2986778
-73.8001596,40.7036479
-73.8001596,40.7036479
-74.0076705,40.67950820000001
-73.9437651,40.8253061
-73.8746707,40.7506157
-122.291981,37.8347388
-122.291981,37.8347388
-73.99279779999999,40.742903
-73.9984746,40.7453063
-73.9466592,40.7953955
-73.9466592,40.7953955
-73.9563908,40.8137882
-73.95625059999999,40.8137887
-73.93568929999999,40.8494315
-73.91758519999999,40.8061083
-73.9460252,40.7456276
-73.8917088,40.8301745
-73.8917088,40.8301745
-73.568085,41.032656
-73.9969443,40.7490938
-73.95960339999999,40.6084575
-73.9502432,40.7846912
-73.94535479999999,40.630641
-73.95263589999999,40.6660102
-73.95263589999999,40.6660102
-73.9421014,40.66834739999999
-73.9272957,40.7383309
-73.9832521,40.693683299999996
-73.99075870000001,40.6893454
-73.9410797,40.71536
-73.95785529999999,40.7084911
-73.923672,40.692626
-73.75352529999999,40.6090021
-73.9302379,40.8256289
-94.8252081,29.2649235
-73.73454459999999,40.6663476
-73.73454459999999,40.6663476
-73.9213381,40.7290019
-121.3797252,38.4050958
-121.3797252,38.4050958
-121.3797252,38.4050958
-73.7553908,40.7303436
-73.7553908,40.7303436
-73.919895,40.75827100000001
-111.8535554,33.4008686
-73.984647,40.7665982
-73.9439269,40.7777474
-73.9449848,40.7945127
-73.9193241,40.8658777
-73.983918,40.660137
-73.833542,40.882086
-73.84521,40.8848052
-73.8829677,40.8535531
-73.87627909999999,40.8768346
-73.90564119999999,40.8637387
-73.9595628,40.6090503
-73.9656177,40.7744146
-73.99099919999999,40.75933270000001
-73.99099919999999,40.75933270000001
-73.9056876,40.6722701
-73.923672,40.692626
-73.77505219999999,40.6719027
-73.84246759999999,40.8972762
-74.1466336,40.54045929999999
-74.0097722,40.7221373
-74.0044106,40.7355792
-73.9507849,40.7782889
-73.9507849,40.7782889
-73.95409839999999,40.7820685
-73.9457,40.798229
-73.9476006,40.7985565
-73.957315,40.8043677
-73.873488,40.841894
-73.86738199999999,40.8547972
-73.86738199999999,40.8547972
-73.8671753,40.858638
-73.9801104,40.5907046
-73.924604,40.6328246
-73.9180249,40.6571413
-73.8822776,40.6733818
-73.9495302,40.68842739999999
-94.7053013,37.3961631
-73.9834391,40.7001571
-73.9899532,40.6977936
-73.9899532,40.6977936
-74.00702540000002,40.7098694
-89.41303669999999,31.3246557
-74.0064306,40.744093
-73.9908143,40.7110342
-73.73886499999999,40.717793
-71.1141472,42.3441441
-73.921865,40.77199299999999
-73.921865,40.77199299999999
-73.921865,40.77199299999999
-73.8536185,40.7406992
-73.9478665,40.7901738
-74.12231109999999,40.5617575
-73.94979339999999,40.7893723
-73.94979339999999,40.7893723
-73.94979339999999,40.7893723
-73.9562105,40.8134463
-73.95399820000002,40.8072091
-73.935219,40.845284
-73.939082,40.8482013
-73.87714059999999,40.823965
-90.30614150000001,38.6560706
-73.8429409,40.83830349999999
-73.873488,40.841894
-73.85227809999999,40.8917815
-73.85406669999999,40.8583353
-73.88773599999999,40.8752596
-73.9812163,40.577293
-73.9812163,40.577293
-73.9812163,40.577293
-73.9812163,40.577293
-73.8961789,40.6579899
-74.00993079999999,40.6789382
-73.9419219,40.6914879
-73.95785529999999,40.7084911
-73.9179192,40.696274
-73.958199,40.714838
-73.95342169999999,40.7267049
-73.9419637,40.808174
-73.873892,40.746782
-73.873892,40.746782
-73.873892,40.746782
-73.9414249,40.8309147
-73.8536185,40.7406992
-74.0112328,40.701817
-73.9828151,40.7151396
-105.1315904,39.7562909
-74.0020839,40.74891460000001
-73.9742911,40.7524042
-73.9742911,40.7524042
-73.9521931,40.7780602
-73.9823538,40.7784552
-73.9733084,40.7929938
-73.95251429999999,40.798268
-73.86863989999999,40.8180455
-73.86978979999999,40.830898
-73.87714059999999,40.823965
-73.87714059999999,40.823965
-73.8638169,40.8262179
-73.9226389,40.8205283
-73.9226389,40.8205283
-73.8980219,40.85189829999999
-73.8980219,40.85189829999999
-73.8827218,40.8446511
-73.8959769,40.8679551
-73.8924428,40.8676812
-118.3224514,34.0689439
-73.9905781,40.6104225
-73.9905781,40.6104225
-73.9346273,40.64062149999999
-73.9346273,40.64062149999999
-73.9346273,40.64062149999999
-73.9199517,40.6617738
-73.9032937,40.6419051
-73.94535479999999,40.630641
-73.92141,40.7068352
-73.9197228,40.6987489
-73.847698,40.662379
-73.8471371,40.6624355
-73.9036627,40.745414
-73.93393739999999,40.774131
-92.318378,34.7408231
-73.93393739999999,40.774131
-92.318378,34.7408231
-92.318378,34.7408231
-74.007566,40.709136
-74.0020897,40.7457785
-73.9521931,40.7780602
-73.9117555,40.8359449
-121.5801481,39.5255459
-71.30576429999999,42.6621461
-71.30576429999999,42.6621461
-73.9003475,40.8660728
-73.9404882,40.5975251
-73.9857633,40.6096878
-73.9857633,40.6096878
-73.9032937,40.6419051
-73.9032937,40.6419051
-122.4100932,37.796504
-73.9089997,40.6644152
-73.9148312,40.6819391
-73.9000046,40.6654761
-73.95176409999999,40.6957737
-90.1864336,32.2986778
-73.9741038,40.6937513
-118.2168734,34.082963
-73.8691189,40.7491937
-73.75824999999999,40.7622829
-73.99169420000001,40.7356205
-73.98175189999999,40.7327366
-73.98175189999999,40.7327366
-73.9887383,40.7549265
-73.9887383,40.7549265
-73.9496916,40.7853417
-73.95889749999999,40.7676405
-73.9050863,40.8327501
-73.9528586,40.8119318
-73.9528586,40.8119318
-73.9528586,40.8119318
-94.7053013,37.3961631
-73.9066802,40.8300765
-73.9136681,40.831782
-73.9600735,40.57989
-85.67510899999999,42.825978
-85.67510899999999,42.825978
-73.9310077,40.61582140000001
-73.95106369999999,40.64681
-73.97306220000002,40.7645432
-73.8976315,40.6375343
-73.9725591,40.6773274
-73.9725591,40.6773274
-122.4040259,37.759572
-87.65381060000001,41.9312218
-73.991709,40.6823887
-73.923672,40.692626
-73.75737529999999,40.60004319999999
-73.7641462,40.7242441
-73.9437993,40.8277802
-73.9414249,40.8309147
-73.80136929999999,40.6743114
-73.7390612,40.7073529
-73.8779115,40.745603
-73.8779115,40.745603
-73.921855,40.8650589
-97.1508961,31.5668807
-73.92191729999999,40.8087138
-73.8593767,40.8306064
-73.8660556,40.8227874
-73.8349109,40.84108459999999
-73.8676435,40.8563009
-73.8676435,40.8563009
-73.887631,40.8582214
-73.88148100000001,40.874812
-73.98175189999999,40.7327366
-73.98175189999999,40.7327366
-111.8535554,33.4008686
-73.95146059999999,40.7878021
-74.009861,40.635985
-73.91077179999999,40.6784919
-73.8736266,40.6702371
-71.1404295,42.3482624
-73.99963799999999,40.687315
-73.9367628,40.6739542
-73.9366428,40.6693118
-93.3053613,37.2162738
-73.856875,40.742595
-97.8557654,27.512942
-97.8557654,27.512942
-73.8649693,40.7673984
-73.8807412,40.74956580000001
-74.2018307,40.5558363
-74.2018307,40.5558363
-73.956822,40.8050482
-73.9329806,40.8478725
-73.90462699999999,40.831202
-73.90768280000002,40.8264916
-80.003695,40.4334
-73.9968531,40.595627
-73.9803981,40.7425974
-73.9521931,40.7780602
-84.3040525,33.9582912
-73.94228439999999,40.6386806
-73.8964949,40.67170309999999
-73.87987600000001,40.6742366
-75.15782209999999,39.9384096
-118.348753,34.129949
-78.6460515,35.7829907
-94.6769621,39.0753916
-73.8322649,40.714569
-73.8322649,40.714569
-95.99493869999999,36.1572292
-122.3126805,47.34385640000001
-74.0104589,40.7228661
-73.967798,40.756423
-73.9785,40.7641939
-73.9502432,40.7846912
-73.9807302,40.785275
-73.9807302,40.785275
-73.94939509999999,40.7942131
-73.9513662,40.7930766
-73.9475994,40.7902798
-73.9656177,40.7744146
-73.9369782,40.8257543
-73.9358443,40.8491462
-73.9095569,40.8126128
-73.9095569,40.8126128
-73.9095569,40.8126128
-73.89624309999999,40.8163341
-73.8864169,40.8151609
-73.86978979999999,40.830898
-118.4611375,34.2230604
-73.9145088,40.8517335
-73.8931492,40.8552501
-73.8931492,40.8552501
-73.8931492,40.8552501
-73.8931492,40.8552501
-73.9081056,40.875263
-73.91937399999999,40.613226
-73.9205327,40.6354179
-73.9486109,40.6382999
-73.9297471,40.6463192
-73.8852009,40.6708686
-85.593807,44.75183
-73.92297769999999,40.6738657
-73.9384161,40.674035
-73.9367628,40.6739542
-93.3053613,37.2162738
-73.9849373,40.6907365
-73.96341389999999,40.7957513
-73.93632099999999,40.706987
-73.8766466,40.7458328
-73.8766466,40.7458328
-73.8766466,40.7458328
-73.8777704,40.7480973
-73.88027079999999,40.7442207
-73.93498939999999,40.77211399999999
-73.921055,40.7664971
-73.9215509,40.767686
-73.873594,40.7526321
-74.1562462,40.626231
-73.9757956,40.7215285
-73.99132759999999,40.7578775
-73.9521931,40.7780602
-73.9447036,40.7915312
-73.9375713,40.829969
-73.9211735,40.8114757
-73.8626041,40.8844918
-73.84369819999999,40.8859594
-73.8648438,40.8489745
-73.8648438,40.8489745
-73.99877699999999,40.6196212
-73.917182,40.6803198
-73.9085051,40.6736314
-77.929341,34.202131
-73.9589228,40.690268
-73.9166082,40.6792327
-73.880911,40.7459202
-73.939145,40.760322
-73.939145,40.760322
-73.93290520000001,40.7608238
-95.712891,37.09024
-73.9367343,40.8040915
-73.9387605,40.8101563
-73.93838389999999,40.8030768
-73.86601689999999,40.8226186
-73.8499052,40.827101
-73.8282369,40.8519708
-73.873488,40.841894
-73.86934219999999,40.8675445
-85.95348890000001,39.841465
-77.6190988,43.1805599
-73.9329114,40.6479969
-73.9864758,40.6899225
-73.79998719999999,40.6937298
-73.8057745,40.7031699
-73.70559469999999,40.7887673
-73.70559469999999,40.7887673
-118.3224514,34.0689439
-73.9656177,40.7744146
-73.991633,40.754707
-73.9953486,40.7521095
-73.95035589999999,40.7910818
-73.8540762,40.8734473
-73.91902999999999,40.661108
-71.3544471,41.8401723
-73.990189,40.6842031
-73.952112,40.6777985
-73.9427558,40.7137643
-97.5664019,35.5314528
-73.7512177,40.6795917
-73.83186920000001,40.7527114
-73.84945600000002,40.739443
-73.8661303,40.74297960000001
-73.85286599999999,40.740539
-73.92934199999999,40.770233
-73.9825664,40.7313474
-73.9050863,40.8327501
-73.9442923,40.78777789999999
-73.957315,40.8043677
-73.9539762,40.8058285
-73.956822,40.8050482
-73.9356624,40.8253245
-73.90558430000002,40.8356545
-73.8776449,40.8339326
-73.90309049999999,40.8559209
-73.893091,40.8532549
-73.88552849999999,40.8444698
-73.8893099,40.854751
-73.8893099,40.854751
-73.9029766,40.8690625
-118.4741747,34.2328271
-73.94248499999999,40.600369
-73.956165,40.6537806
-72.8925806,40.9474803
-73.8880502,40.851079
-73.8693115,40.67022499999999
-73.8693115,40.67022499999999
-73.94385799999999,40.6841406
-73.94582199999999,40.687
-94.7053013,37.3961631
-73.9714492,40.6910822
-97.7823576,30.2068056
-97.7823576,30.2068056
-73.7998571,40.7030411
-73.809483,40.69766300000001
-73.809483,40.69766300000001
-73.809483,40.69766300000001
-73.9077234,40.7028022
-73.9077234,40.7028022
-74.01048589999999,40.714698
-74.0007364,40.7319855
-74.0007364,40.7319855
-74.0086431,40.7437681
-74.0086431,40.7437681
-73.9500214,40.7874711
-94.7053013,37.3961631
-73.8848616,40.8379412
-73.8920605,40.8455874
-73.8920605,40.8455874
-73.946055,40.840407
-73.98886759999999,40.5742968
-73.955834,40.7736341
-73.960022,40.6546328
-73.9660674,40.6398746
-90.1864336,32.2986778
-86.7747371,33.524657500000004
-90.1864336,32.2986778
-73.90876999999999,40.6702175
-121.9792615,37.30301310000001
-73.9141324,40.659205
-73.8817416,40.6551794
-73.9429382,40.6770958
-73.94737119999999,40.6869767
-73.90885109999999,40.6934043
-87.7067649,41.81274699999999
-115.6901765,43.1227331
-73.9852063,40.7282023
-73.9825664,40.7313474
-73.9456902,40.7736925
-73.9456902,40.7736925
-73.9456902,40.7736925
-73.9456902,40.7736925
-73.9456902,40.7736925
-73.9456902,40.7736925
-73.9456902,40.7736925
-73.95711159999999,40.7716597
-73.9050863,40.8327501
-73.90842300000001,40.847762
-73.866736,40.8736715
-73.8875207,40.8647524
-73.8874273,40.8595729
-73.8874273,40.8595729
-73.95606099999999,40.5921076
-73.95606099999999,40.5921076
-73.97920359999999,40.6095466
-73.97920359999999,40.6095466
-73.9401956,40.6146045
-73.94143559999999,40.6359357
-77.0214051,38.9031201
-73.991258,40.7634496
-73.8978152,40.6632257
